{
  "options": {
    "async": true,
    "defer": true,
    "delay": 0.005,
    "initCount": 1,
    "maxTime": 5,
    "minSamples": 5,
    "minTime": 0.075
  },
  "async": true,
  "defer": true,
  "delay": 0.005,
  "initCount": 1,
  "maxTime": 5,
  "minSamples": 5,
  "minTime": 0.075,
  "events": {
    "complete": [
      null
    ],
    "cycle": [
      null
    ]
  },
  "id": 1,
  "stats": {
    "moe": 0.003202103845707635,
    "rme": 7.2012557736333225,
    "sem": 0.0016337264518916505,
    "deviation": 0.010836915302006433,
    "mean": 0.04446590909090909,
    "sample": [
      0.085,
      0.086,
      0.05,
      0.043,
      0.042,
      0.042,
      0.04,
      0.0435,
      0.0425,
      0.0405,
      0.0535,
      0.0635,
      0.0505,
      0.04,
      0.0395,
      0.03933333333333333,
      0.03866666666666667,
      0.03766666666666667,
      0.037333333333333336,
      0.03666666666666667,
      0.037333333333333336,
      0.03833333333333334,
      0.03833333333333334,
      0.037333333333333336,
      0.03833333333333334,
      0.05266666666666667,
      0.044333333333333336,
      0.05266666666666667,
      0.046000000000000006,
      0.038,
      0.038,
      0.043666666666666666,
      0.04066666666666666,
      0.03866666666666667,
      0.038,
      0.03866666666666667,
      0.03866666666666667,
      0.04033333333333333,
      0.057666666666666665,
      0.04533333333333334,
      0.041666666666666664,
      0.042,
      0.04033333333333333,
      0.03833333333333334
    ],
    "variance": 0.00011743873326286117
  },
  "times": {
    "cycle": 0.13339772727272728,
    "elapsed": 5.931,
    "period": 0.04446590909090909,
    "timeStamp": 1731415126960
  },
  "running": false,
  "count": 3,
  "cycles": 2,
  "hz": 22.489138768208537
}